LD1,LD2,NObeyesdad
-2.2109776956956293,0.7727432872467996,2
-3.489460953308838,0.5222758819724855,1
-3.957965538556401,1.8569813855995851,1
-3.273763507072016,2.356823132090685,1
-1.3415469989797109,0.6754743604019147,3
8.348318614742874,1.7531249381284364,6
6.090169827132715,1.7508194321811612,6
0.5369701844610227,-2.301861776713411,4
5.314051957815214,1.7776936939333694,6
0.17908672404445,-0.7077799273013567,3
8.477888602412072,2.0731966244680096,6
-6.594171892894335,1.9441694573974957,0
-4.06113374286029,-0.43510473928745985,1
-8.056874781838046,3.0897345578142477,0
-8.23117214598163,2.202175839269837,0
-5.820601502443885,0.5415297307676905,1
3.5883617403253854,-2.465116372341414,5
-11.316580317038653,1.3903724302311324,0
4.973817493474878,-1.9832805513998846,5
-0.8587395530988048,-2.419606312011464,3
-4.505601160967968,1.5831036798321068,1
1.2321883943254464,0.5686602647648433,4
-0.994597388961645,-2.1962593819202896,3
-6.63043134817506,2.7114119382877746,0
-1.5545670847935449,-1.1779413489273665,3
5.631734577705669,-2.015726563575774,5
-1.0058938612763448,0.6229367761320107,3
-0.5804533894566405,1.807827205070748,3
-0.9504021421305084,-0.9788313761545819,3
-0.29907394205586296,0.5160463499957196,3
3.7344768948716105,-1.937672611744642,5
-3.6885331068657985,1.7442318545069575,1
8.550891133535515,1.688487435587907,6
-1.816760647772815,0.2385273294306707,2
4.0705417181443675,-0.5194846560243526,5
1.037844220006567,-2.2323181146217705,4
10.906777800275508,2.028687293139579,6
-4.417184769045265,-0.2177503664144368,1
5.248049360169016,-1.299510756166525,5
-0.9596575217155425,-0.26659285593903026,3
5.022834088932233,1.7810087626055053,6
-4.73214787681231,-1.5168819168673866,1
-2.942137105420103,0.3238044865365721,1
-0.8655832381400541,1.2164214511737221,3
8.401919401662312,1.9380340984066464,6
5.318477892026393,-1.6480483911164256,5
-7.722255430224046,0.373012826474903,0
-1.0254552025841328,-2.9668594984515937,3
-0.041631613327164696,-3.3428648439558115,3
0.9952861878368232,0.9878494483862497,4
0.6295919191301653,0.7078991565881931,4
6.899920229310347,1.7634327497781206,6
-2.1863776582506182,0.2163426834267158,2
-2.0584729098611585,-1.1091111196008672,2
-4.436809805358483,-0.07829481899995205,1
0.93466052585945,-2.0191157070762045,4
5.288792170427574,1.2964219195225704,6
-6.805277729015715,0.8611081614767285,0
8.091804370777758,1.823246619654554,6
-3.0348433919019,0.08476107328704359,1
-7.698400809078733,-0.43056790421390045,0
-6.1983478456877625,-0.41382528635903065,1
1.087611756612095,-1.8756023422423704,4
3.4832123492606955,-2.4314242540154845,5
8.336384866646346,2.3434354167725733,6
1.690366120623994,-1.5958889577198705,4
6.87844086126701,1.7822234898158165,6
1.1746567593458392,-1.7302342412035074,4
-0.8535983227200032,-1.6440802758670208,3
-0.404786871970194,-1.5629858089587296,3
-1.1126075873709174,-1.7345156494589091,3
-1.0326070138479624,-0.1537180503601166,3
8.671182813203762,2.2151983966853592,6
-0.7797990397863384,-2.3036059908720854,3
-2.307781921961853,-1.3219551423937097,2
1.844335213636618,-1.0390583890651033,4
6.1494211957057505,-1.395284082670131,5
4.156317657997409,-3.122739004634365,5
-0.9045308172909016,-1.3774991323147001,3
-1.5103599561380678,1.3293377045228107,2
-7.190661153433286,-1.225460712687484,0
3.319755909260368,-0.0789086990660061,4
6.609523637393837,1.8572100753078633,6
6.812042204078156,1.80909609654173,6
-2.7113542490898537,-0.5723791040078254,2
-6.953106959910299,1.3821443509506612,0
5.825760662441021,1.9889143703478165,6
9.153408650895704,1.5835789532901903,6
-4.003845055493983,0.9259166064566989,1
-0.7100394083137244,-0.4389801775421887,3
3.445018225847087,-2.6591413745340318,5
8.08570784603471,2.089468874494283,6
-2.066368257513621,-0.7198291735405343,2
-7.5664358551851025,-0.6575738323645526,0
3.338944009264429,-0.3702427914921161,4
-2.0584729098611585,-1.1091111196008672,2
-1.4422588123805817,0.14614666307342117,2
0.28939386945199014,-1.4796424564351263,4
5.362044198061411,-0.5094156716180341,5
-1.5142341920663716,-0.6080481892830276,2
-2.2699594075462795,-1.3428448632183188,3
1.0708742031876453,-1.684212591575842,4
-6.1964467742203935,2.133993360006531,0
-2.808824300165121,-1.0878360057845013,2
-1.8642011339531759,-0.9517605215010501,2
-0.8996696219100854,-0.22771932802836092,3
-2.057103713383428,0.14025963859210938,2
5.365728547589129,-1.2479704550383204,5
6.810264227076844,1.7918454883637718,6
8.503287628052174,1.6853604431071934,6
-1.8016020175803449,-0.35834181386693215,2
11.237608440171009,2.1569589644749025,6
8.92398878892887,1.4980225193696366,6
0.9840932368125969,0.303688207763146,4
-6.110680274286765,1.9619866044630168,0
-4.803121412509767,0.9489359735587735,1
-2.6957898697036202,1.7674470253813612,2
-8.109197889365257,-0.4087264430392891,0
-6.267409339127654,1.8831946562414479,0
5.925903729128547,-1.598299984089898,5
-6.6518735166420635,-0.35591136472896595,0
-7.505062755406144,0.9236014296202957,0
-6.062133916097546,-2.1728539782170286,1
-5.873665218723698,1.6136720832404927,0
2.377055107073197,-0.8444100904579762,4
-7.3669508609250425,1.4637763066944525,0
5.278326822514344,-2.2761955950205754,5
-0.47074492070901736,-1.9951620506247572,3
8.844062914159698,1.723301581261931,6
8.346728816520736,1.790121366248266,6
-8.558151753200015,1.9791308210386733,0
-3.2263514244847817,-1.4426621713953531,2
-1.0765497316168773,0.19044392150500197,3
1.1903997629671035,-0.7102590589920927,4
7.00347932193585,1.7579941661435095,6
6.843432555265752,1.7873868480845958,6
0.9768801524427941,-0.6255955174538068,4
4.753806254431846,-0.8125822418849045,5
5.272574029416631,-1.7136974363368052,5
4.6052596109019195,-1.4164070701468494,5
-1.4171365422896811,1.1249511345149146,2
2.7344023726216693,-0.6161735776884187,4
1.9678657574864382,-1.0985092201267814,4
5.28171656930723,-1.018374222158304,5
-7.306269823278579,0.5235730091016226,0
-2.196606256775306,-0.6616131490639756,3
6.617848346045598,1.943314082476701,6
5.4828949804953515,-2.5465775060049136,5
-1.4268129698020022,-0.7270514167681358,3
-2.9279935298535853,-0.7261753483773266,2
6.736383735414636,1.8309472014760844,6
10.762641379018751,2.0322552354005805,6
-7.379998481713644,1.993633512085444,0
1.517604700203445,-2.5752793657299544,4
-1.4393420743702958,0.24003246722258367,3
3.9696325125135283,-0.9385193125029726,5
-3.493409543631567,1.396125440022235,1
-5.1067776468941934,0.76842174283658,0
8.469287200977512,2.0621489942080617,6
5.128425679647343,-1.260476074839359,5
7.118468596301555,1.6916910335553745,6
4.348469390280216,-1.1754126451158768,5
11.218351508497543,2.094586995541348,6
-2.0584729098611585,-1.1091111196008672,2
-7.553735071162407,1.9166189298273708,0
-0.8569024941821937,-2.27238189867181,3
8.97486561527332,1.5198970792086097,6
-2.809271431935073,2.0290343797769856,1
5.290283308595888,-1.3245351032479011,5
0.9300620797154995,0.6971272532351003,4
1.6486506134276335,-1.032092711074757,4
1.1940051881158724,0.0885395067477911,4
8.623120938181229,1.6726682257146435,6
-0.7989140580238988,-1.7052158235688335,3
-5.011643581032004,2.4235332796895115,1
-1.8540958900094955,-1.595705269260615,2
-6.282929202434747,-1.9780036772919423,1
-0.11730083724115672,-0.6591542527585152,3
-1.5557197901170041,1.3613637171725694,3
5.326277502993369,1.6951037333632162,6
10.711586522663719,1.9574029522311864,6
-1.9924166617131107,-0.5657324168446719,2
7.213460254525009,2.1629966531579767,6
2.081489924808881,-2.1569288753589055,4
1.3518052577885296,-2.30437973979201,4
-4.108781763139234,-1.1207183860326755,1
-1.2004492352413865,-2.54998600722883,3
4.66848498796085,-1.4908475886210781,5
8.168573854552042,1.6623602230453194,6
-1.3716686027413252,-1.4073660672460975,3
-0.8299716913673405,-0.34590482997984096,3
-7.94202282676187,1.7413710219437475,1
5.0908412897381465,-1.492567708671327,5
4.230735194151956,-1.0378185812294596,5
1.5640456527564044,-1.3163704766528939,4
-0.5903003207492482,-1.028738727418121,3
-6.209627408507416,1.5831182613126977,0
-5.97672158551727,0.34528536753803074,1
4.330723700180214,-1.9437707297002664,5
4.959103090997978,-1.2725666417996244,5
-3.8281559240135423,-0.08917763229455597,1
-8.477485905738392,2.775840989455009,0
-1.1854515182092324,-0.3075227950820914,3
-0.042856189368132167,-1.783044149676108,3
-0.5299685865703164,0.5840609735067203,3
-8.996283279197408,3.1010774166592223,0
-7.634256352844969,1.5726752242598683,0
4.105890490556853,-1.0136197524665027,5
-3.0372678970505174,1.3657441003623256,1
-1.061560529944043,-1.8246636920395674,3
0.4442740311091993,-1.474726203102492,4
0.8153927001520032,1.317535190421157,4
-2.0324433210172783,0.9715499825806287,2
-1.993686445537462,0.24220284246115487,2
-4.788335786667185,0.7653275082645068,1
-8.691989732357808,0.3422108568608596,0
4.593869244969206,-1.1451899092257818,5
-7.838033123933682,0.37194590227427354,0
-1.6126692901660038,-1.419470588348797,2
-1.597819700026495,-0.8983351430240325,2
2.0988735837160095,-0.9496378216659711,4
-6.089820091730521,-0.133207559231952,1
-7.838607446837337,0.0517397315580068,0
-5.808759768157724,-0.9672805409924854,1
1.2519346087567806,-1.2216437605751689,4
-7.255502672972235,1.9268926671776825,0
1.1009786674142124,0.271913738540809,4
-5.509049272498558,-1.7418989792203043,1
-2.2179439134781576,-1.382668689094786,3
-1.1764311084740138,-1.602317329767431,3
5.722126757525287,1.4053416335827726,6
4.288525674139899,-1.5840727758500575,5
0.3035116723706614,-4.120820870279226,3
1.0068926899106292,-2.355667093253686,4
-4.121303404822043,1.7160261742822978,1
6.3358391181923714,1.4700060344818178,6
-0.7676692358924122,0.19079284642528377,3
-4.782212151789876,0.26180092098304264,1
-7.193616449552912,2.041869176439247,0
6.7062556333517485,1.5198663935306362,6
5.991715275305857,1.7617064998100063,6
-2.0584729098611585,-1.1091111196008672,2
-6.367911253669004,0.3086443800869326,0
0.5002851772571044,0.062219472869820304,4
0.05017018048444762,-1.8450767743876673,3
0.6003750144096497,-0.5144967996669366,4
5.33593772078098,-1.2005774365037172,5
12.45668011119013,1.9813874293143199,6
1.0846949119717784,0.3883148218030525,4
0.026887824443283415,-1.6526248731924476,3
-2.588927757496875,0.4135408665372756,2
-7.035964536590297,0.5576003183781308,1
-4.376150259473244,-0.4036489017504472,1
4.486903393352578,0.09616279748302858,5
-5.79575071736238,0.07228594293101925,1
-4.456366639223365,0.23316505398176818,1
5.2116311926036625,-0.39160937635511,5
5.100716245623502,-0.7720296505176177,5
5.054033991379181,-0.8620662642771557,5
2.284137266608804,-1.8058218961200645,4
5.604494498772892,-1.3223414821322748,5
-3.7715130325446102,-0.8224764302660554,1
-2.0348246306445588,-1.1398334935364034,2
2.074762449891708,-1.3570356308669773,4
-2.1820597528402637,-1.6867938848098634,3
-1.3194753517198194,-2.8151559569652593,3
7.043321331918716,1.8717395513254327,6
-6.6444469356713185,1.8499100428211037,0
-6.2051442892192155,0.12875975330488854,1
1.9027081041780487,-0.25321501537976676,4
5.394443411610242,1.7950019112411368,6
-3.2738479671437735,0.24540554303136075,2
-1.605193068667748,-0.3995004038080289,2
-2.7121207052518943,0.9361337302322237,2
-1.6759809599260398,-1.5834614079853238,3
-1.8107625022119016,0.24307150381093387,2
-1.4656902285525901,-0.7568673022031018,3
-4.852690022355122,-0.0787553474188773,1
-9.053010972047721,0.7602870107079502,0
-4.711291751190532,2.522499252331808,1
-6.888596837390264,1.804000163764163,0
1.0583388515181875,-0.6604622278658039,4
0.49038176833374275,-2.0079035157628,4
-1.795836460672658,-0.0061599038015817615,3
6.708568277808283,1.7963403871353771,6
-1.890871803031504,0.18938007806707277,2
-6.825062037699348,0.9511270309153919,0
-7.283976952607396,0.7569668328735113,0
2.0449901544235747,-0.28857503254514055,4
3.360170022671886,-2.6255946670880546,5
4.007920829931055,-0.23609163239438774,5
-2.3352464627913325,0.4971437636285606,2
-0.9904583418263949,-1.4050639921919572,3
0.12294956635615799,-0.9948689893770408,3
1.1409779122132675,0.690344549221298,4
1.9654028696768144,-0.8954890162004283,4
5.7037868368741265,-2.1015164708118768,5
0.393164850310863,-0.8802049289106653,4
0.5834056704132312,1.9404337495677584,4
-0.3842732605501226,1.6320142726530837,3
-2.402164003260559,0.43909213500032407,2
1.521349431093761,-0.26778309156593194,4
-2.5121088968003416,-0.4457368191936431,2
-5.800527550242634,2.534064147221422,0
6.507944369336214,1.8247837526679804,6
-1.91695538913657,0.2266958696396126,2
-6.607559304122378,0.050915772468661025,0
-7.748624172725362,-0.18224063240199323,0
-2.718700366580601,-0.6735509218933419,2
3.860889364203923,-2.692477232836833,5
-7.058249310833894,-0.8932198248691242,1
0.7369909570944141,-0.8846897291204056,4
-2.2619721054721835,0.4072241885167479,2
8.407454982072663,2.0478378663606875,6
4.428805396902422,-0.37449886502945723,5
4.532128944648302,-1.7825950337325673,5
5.249888722367676,-1.5627063895695823,5
-7.257585910281059,-0.6461632471094213,1
1.9128142852608991,-0.43494283078791734,4
-6.742569728143696,-0.09445555989783516,0
6.721646692964766,1.8444882764121753,6
-7.307955993738447,1.3954746923387578,0
-2.50641094862658,0.5168391849419974,2
-4.67144912266488,0.8083623575119222,1
-2.0615291462897885,0.4422349876338382,2
-4.190377585550058,-0.9709474057335008,1
-4.375917680900768,3.071694208684295,1
-7.449504952474028,-0.47395421872964155,0
-0.26292544536110846,-0.2662952981044442,3
-4.33535612989346,-1.261484803004276,1
4.336541070541762,-1.2288455274795098,5
8.170554203745134,2.1191135770244176,6
-1.4823040737449198,1.6608997896099715,3
1.739141311992748,-1.5815348616245022,4
-2.1788380490892965,0.5528801867036136,2
1.2192621021974626,-1.9429726519780286,4
-0.11349734775192963,-3.0941117976527175,3
6.885964854884211,1.75427365589234,6
4.380482235542584,-0.8430703292767104,5
0.7831432905104628,1.5364809044866323,4
-7.327768528345992,2.0196076418146753,0
5.404860987889083,-1.1958377020863689,5
-2.147263222361204,-0.9026284490013201,2
-2.0866740226005365,-0.46601568569706336,2
0.16724106545900264,0.9163707884714628,4
-0.8855283108046331,-0.35068144577123755,3
-2.0584729098611585,-1.1091111196008672,2
0.7863678979642257,0.5735264547100278,4
1.6535068693479507,-1.3087818793832247,4
-4.990627318388917,-0.660145430025394,1
1.642568623032095,-1.9287422266725835,4
-2.7059595147000497,0.7045510196862739,1
-7.419383717475648,1.8087119712501813,0
2.67877324369911,0.16135681576851418,4
2.1761835279119777,-0.48287072186437946,4
0.30550042044932585,1.8338785081359907,4
-5.357875963103741,1.265254333326041,1
7.657889562817631,1.6949587724476305,6
-2.675148320216333,-0.6788504485532517,2
6.71475590219762,1.793535547288946,6
-2.6256079429907784,-0.34144029634045875,1
-2.8936139733434536,0.06769803143140005,1
2.378015713800207,-0.3991466981352139,4
4.102216769459996,-1.0706990395122815,5
-3.2681902302157018,0.2917217083427611,1
5.811848654744844,1.7685716630925556,6
3.5889940955789283,-1.2512738158937604,5
4.5297185065778445,-1.8066264883545162,5
4.49085932801736,1.5278613362517741,6
8.188517647676717,2.3042642247349305,6
8.30811132296366,2.1821292622020243,6
3.81541401943367,-1.9208059687630605,5
-4.663594066746653,-1.3694320684381223,1
-7.345653292990995,0.27791298296722616,0
-2.3264189220105727,0.2413522643659426,2
-0.8826996843934877,-1.374345864736706,3
-0.6561778797662485,-1.777462327222654,3
-0.6868743748041739,0.3647897605807511,3
1.0828431085551176,0.6853657014649782,4
4.5172588235642115,1.3477830596202518,6
8.92950183281787,1.6383863652696415,6
5.387301248923309,-0.7818171871531698,5
4.05084111886158,-1.854971629955505,5
2.370223737683178,-0.6908543821364797,4
1.9538168400628975,-1.6551808268349628,4
5.103042932643968,-1.6691748951401508,5
-4.467296256365699,-0.3471063737336335,1
-1.496447224470323,1.5497828373327072,3
0.9686278535293475,-0.9222008410275715,4
4.521469670227015,1.4438942892567947,6
-7.444932587477365,1.4338688945261304,0
-2.2455739948792397,-1.365604676152203,3
1.8912397612692649,-2.573466407377751,4
-2.7443403530719626,-0.8575286970714581,2
6.243880238884329,1.6903052012026352,6
-8.094865879604018,1.1591210848895634,0
4.418036911398349,-1.7075958207394857,5
7.883644988997426,1.7725324432079204,6
4.88526478748003,-2.0156768130766536,5
1.4276322099621261,-1.1907911530555682,4
5.588415413336612,0.8697319962666287,6
2.8273020079747706,-2.2697657936999014,5
4.56650741771581,-0.5612659466260387,5
2.896161768664082,-0.9910017595624893,4
-7.579868040595569,0.8160210100800699,0
7.51469342466569,1.6639005304901866,6
-5.661867036045252,1.6344632230554945,1
5.4851950234564555,-2.299136230510282,5
-0.6020464846970496,-1.5571609977119252,3
8.502865084516792,2.3291255337279346,6
4.525364974503258,-0.7227976415816839,5
4.541379457669829,-0.43828541301853,5
3.110695427428715,-0.6352038998722366,4
0.7354275726547392,-0.4866319118970062,4
1.940698510699163,-0.40591829542573654,4
7.002959917258867,1.751482480739079,6
2.6746717537768783,-1.2763305375994185,4
-1.2287004765271234,0.16907390288530824,3
-3.5900391852969653,-0.8950381573878279,1
2.5964908484766775,-1.0716244066362648,4
-0.9411953024365651,0.7598393733763968,3
-4.690237853734454,1.4210243878345095,1
0.9723691517440083,-2.28421071722232,4
0.1824866345411064,0.01928228002779993,4
4.086110727453358,-1.646285581022643,5
-4.47152112244084,0.19598202580483856,1
4.090721388035823,-1.5503940596057304,5
4.374437233583881,-1.9377596439114284,5
0.7580712920845626,0.7812723951712962,4
-0.510813813482037,-1.3984846316567676,3
-6.116770774948963,2.3512540915170264,0
5.6736795116108,-1.5141218340943419,5
6.310353833967682,1.9344057615240033,6
-6.935383168445399,0.44665200577029013,0
4.384221999175971,-0.958930373200768,5
-3.3179790691210806,0.6802977815586388,1
-3.679672579025461,0.9206910465819192,1
7.277717937929635,1.883710817277022,6
6.270900390483137,1.4772902780350263,6
-2.336829635159134,-1.10404841124299,2
-1.7561622626122813,-0.28877337896993743,2
-1.795446737796639,-0.2708758845968169,2
-8.020641908856067,0.07053599337689229,0
1.5664146526888532,-0.8428322440246221,4
5.054089207242109,1.542539949754089,6
1.432570992549147,-0.5496817711521507,4
3.822283322891644,-1.484564131285822,5
-5.103350685608442,-0.1472937057768522,1
-3.923266850674906,-0.49201399701085374,1
2.6609729505097923,-2.3052265273184145,4
-8.397364724259631,1.0479287568833096,0
1.7030234466772673,-1.1826551135191985,4
1.092788910973433,1.7005398426044795,4
-6.6518735166420635,-0.35591136472896595,0
-1.1226545636917402,-0.06557110848242687,3
-1.2652770732411311,-2.7565980964890415,3
-2.64351599924385,-1.0549088571049092,1
-1.4851963462954583,0.10750976647555835,2
7.9376950536378255,1.8444975738525606,6
-4.589730687775196,0.2442904120030481,1
4.805909691115429,1.4925640433427452,6
-7.564088196148502,1.0044823818174504,0
-0.9215622728992966,-1.6289001164046868,3
6.381384114299046,1.922237009794323,6
2.473287210774109,-2.6899528910870774,4
-1.2536067243741704,1.2433956868855265,2
5.538604478799794,-1.6985831576324943,5
-8.082567678263475,-0.14190526925099886,0
5.492501306699053,-2.7155373409262107,5
-3.5584333825016596,-0.7799804216938573,1
-5.609597364024577,-1.1299109702720778,1
-5.537263441147368,2.1821474230714664,1
3.567888735304973,-1.5741879124180027,5
4.7394453616174665,-0.7122195063885426,5
-2.149904889615487,1.4052205977961465,2
4.899808404270678,-1.5510824052945376,5
-7.586317307739407,0.3294109476441564,0
1.8656071709614865,-0.7888159137329785,4
-7.593540893143753,0.8099867375073826,0
1.1142089999044795,-1.0388118060065565,4
-1.4530802204102726,-1.508325824686126,3
5.4741640325458905,-1.356657248343894,5
4.760357168945064,0.3386399319223874,5
5.644510260321948,2.103430584265292,6
-2.3194580829904696,1.9295287785234978,2
-3.8751754774661866,-2.690768789530356,1
2.4458497980227025,-1.4507549849910495,4
-3.5347968139651798,0.0582079062952346,1
1.2053147294952136,-1.706806933694289,4
-7.186321810050971,0.9762229434593909,0
-8.498509487080852,-0.9725620384824989,0
1.8612135791291136,-1.0630387302892812,4
-7.714626643836861,2.0093387809147023,0
-1.3743278432285777,-0.9037364029341262,2
-0.8779024944917587,-0.7460997828539134,3
4.067445184001594,-1.0534354962626145,5
2.5784506271702243,-0.37183821315665283,4
0.053984409359568164,-0.9165720991588612,3
4.16742722412481,-1.2380609068077506,5
5.371970168434689,1.3845432946620762,6
-1.164979525547691,-1.7718062245412938,3
-6.705378002675396,1.9365643034655158,0
0.5967443797734592,-0.46894841377317825,4
-8.53920192601242,-0.3228855115492095,0
3.807309785026495,-1.8443426639785105,5
6.735751482248837,1.7972027457830293,6
-0.31925980619322375,1.2364520204978182,3
4.39761507516735,-0.6481510067080667,5
1.0534107391030099,-2.757829235759728,4
4.405984470013207,-1.006239552708098,5
3.362493456488315,-0.87375580832115,5
4.197722608105432,-1.4266814941110855,5
-2.2191880903142174,0.8491811456168147,2
2.064906163334492,-1.1456878373181967,4
-0.16007209046895712,-1.3834005848426714,3
-4.280363376824068,2.674718604268479,1
-5.35282110159197,-0.8896855368437546,1
-2.0017561007232088,-0.7281170269378364,2
-6.3427753927063995,0.297655463706476,0
4.058425632659872,-0.34140498151642146,5
3.8695552330595135,-0.14535126358226644,5
-7.370816413506803,1.7386989729473739,0
8.389930561453994,2.2947767993405326,6
-2.714863434485222,-0.5574350979775561,2
5.418710499955945,1.2418811792832056,6
-1.8591384818196037,-0.4363028208552369,2
-8.14280808565722,0.9313953357973234,0
-1.0889805988412278,-1.098339844859975,3
-4.7802890197300085,-1.0581251011092898,1
-7.481104457978606,1.9559278910726565,0
4.893125442190105,-1.522769941073068,5
2.0929003813252134,-1.6899618188512824,4
-0.9159244545106598,0.46334872393322935,3
-5.306372047722031,0.8444888261715173,1
0.7546540461945779,-2.5790865523942097,4
1.0200146215984505,-2.6139853649224567,4
-0.7405742937672929,-1.4533451817478145,2
-6.881815062654576,-1.0790451658083395,0
-2.1563460650808843,0.09138022085295402,2
-2.07753228458265,0.6931888043877075,2
-7.295114051896934,-0.6088915655312301,1
5.582896569661521,1.6571389813270017,6
3.617260897925884,-2.533835887126579,5
-1.9882993582225315,-1.3075744038012356,2
-7.874972033347707,0.4546460650531198,0
1.540762338121398,0.28016336075793613,4
-3.4009540562640015,0.20017985582691172,1
5.745316898165918,1.755810397143855,6
3.1808849061355495,-0.7043205401722054,4
6.909345226217116,1.7782178620086482,6
-1.9131314461059004,0.38850576583545865,2
-2.3101626963614694,-0.9635526706513826,2
7.320543330135654,2.225676852388013,6
5.5121928449834785,1.704261882080215,6
-7.6521399068252896,2.3255160592647557,0
8.518156409512553,1.8068472978825438,6
8.383450745884083,2.1432716541916776,6
-0.6476254883500546,-0.974925907812938,3
5.251652549569228,-1.5915818461585938,5
1.44234068962962,-1.1685627888810983,4
11.72248869873252,2.0264875326689875,6
2.414994016900746,-0.6538875803733037,4
-7.2301025409808934,1.617640575826706,0
3.9337795950460785,-2.340627488656121,5
-7.600063045494099,-0.6385155898962984,0
-1.5461079166588017,-1.490923078709586,3
-8.728641200221656,1.0987520188550668,0
5.615173454405813,2.0473377106590354,6
4.424946347836427,-0.7800862331160804,5
1.0977909792711238,0.6845030995496277,4
6.689443170682773,1.688543075203834,6
5.143024490284077,-0.23111382946807385,5
-0.8786810524438572,-0.7398479869562936,3
1.2450210773555381,-0.8775227272316204,4
0.6854587071289726,1.396594520492196,4
1.1867405445418873,-0.9671276066939667,4
-7.5102475632292744,-0.5166528471266941,0
-4.76401171128228,2.363503433130688,1
5.560738930577798,1.6389806731432817,6
5.100174496824661,-2.3060650598814725,5
-1.8770308019814317,1.220595594477408,3
10.556005492385305,1.9351117052606464,6
-5.579506401916432,1.4284024107560112,1
-5.165970638270298,1.7836730762573494,1
10.58209795790748,2.0136314070897,6
1.7434489606811063,-1.2423946824001495,4
-0.2734362181056524,-1.3814804235897655,3
-9.620650800357318,0.5504659510997187,0
-2.0519028419115175,-1.9779910581151183,3
-5.934050968627485,-0.36553789015960764,1
4.638312992532166,-1.3833982500884543,5
-5.76321951525113,-0.7687561528160937,1
-2.226658522218432,-0.6876711002454848,3
-1.0686276625096907,0.45192452758694096,3
1.961134835895617,-1.7053218779309067,4
1.7240650869246592,-2.3409925211540843,4
-3.4002995085754364,-0.6169272259949374,2
-8.594431740561548,-0.1383119088480632,0
-7.208895543572535,0.7273809209272013,0
-1.3666034803697031,-2.293059615810475,3
-2.9572875926597493,-0.06475398209725614,2
3.174489296594984,-1.271815054043462,4
-1.3243728823261702,2.011781495391391,3
-3.610589304690946,0.7280982691983028,1
-1.7354725241018183,-0.40722541147234625,2
8.359648010471213,2.2760244815283937,6
-1.9937772090955084,-1.1545801585906896,2
-0.4875097962153069,-1.9019227751944563,3
-6.9334671571672315,-1.096839785229039,0
3.297635090201826,-0.2448872581793355,4
-0.9664924033730444,-1.9588784996561024,3
8.312503538730223,1.6920926618432315,6
3.5659310705282974,-1.5253027299353477,5
-1.0594539435407784,-0.5157911632906066,3
-3.2587114629569385,-1.674650216243496,2
-2.0898756099494853,-0.8595468420656015,2
-2.2021025960980753,1.2095096058316965,2
5.549518252080106,-1.120023861336326,5
-7.168366048730856,1.1014392386653802,0
-1.3058793457189628,1.2000626972029071,2
-0.25306277598636084,0.018646611029038036,3
5.660690169765908,-1.860472610857608,5
-4.604730596138756,-0.4355416374333832,1
3.864140298015033,-1.14666829767956,5
6.059550243283215,1.7385961351263808,6
-7.763716562951089,2.4637391366853656,0
-7.6086939977639085,0.29708383584722536,1
-7.538116275980869,1.4325480905348091,0
6.756788442230357,1.7935869911729356,6
9.061270810791262,1.785233856291307,6
8.666634149814445,1.6816840503240802,6
2.669612491985893,-1.6127988513268126,4
-2.340505014390354,-0.6509783819972049,2
-2.608914655223444,-1.2363841046518635,2
-2.0897833651223894,-0.6249590894489645,2
5.788758955150133,1.697302036480648,6
-6.3105589165068245,1.1041555411397197,0
0.1358734672541592,-0.9458871748725676,3
-2.951711031441201,0.9772987955785173,2
-0.0534850718385996,0.6088383095180743,3
6.167609703388758,1.4919281748720872,6
-3.4720591899064135,-0.547087361851727,1
-4.476188863878342,1.6258589594473145,1
-6.484656116219734,-0.3463076775749459,1
-2.314216313056512,1.325887435088338,2
5.50820172930536,-1.159733036654867,5
5.205863904158805,-0.8130767322305076,5
0.9450053237558432,0.4882748132196095,4
7.563139556074384,1.9469884793656682,6
-6.560971260220587,2.1441263934106964,0
0.8600256965691306,-1.2211378850043908,4
-7.078751039257132,1.7272890302120838,0
5.541164939954037,1.3345877564925142,6
-1.545824254474238,1.3296383867464354,3
-5.0865516470929295,-1.0906696456189184,1
4.8368676390834855,-1.9028277641316056,5
0.9375322999627475,-1.3411791065582048,4
-7.431050507719562,1.484476266548117,0
-6.0324792926957675,-1.2817211491414937,1
-0.5829612758445074,-0.831515621578765,3
-4.4847026864189345,1.2640435580616562,1
1.6083645037717176,-1.5947400576520188,4
-2.648005250826211,0.16633351529069118,2
-8.042173666163254,1.431198912939683,1
10.007439638156255,2.1553793505278773,6
-1.703472720016893,-0.21834001075875392,2
-4.618514460703664,0.8889009908088957,1
-0.18766559339652097,-0.7751817949191703,3
-4.836259909220682,0.2697092061439082,1
-7.33858388248045,1.8482849251162545,0
-1.3664398312062809,-0.983084803175192,2
-1.3563155567019987,-2.098391780894028,3
-2.721493852010359,-0.9642306411086368,2
6.18642620880828,1.5651681479228763,6
1.5596080801818157,-1.1683513087234099,4
6.456416693150848,1.936770409313029,6
-3.594434478808829,-0.8019836523859615,2
-6.254698504396557,-1.8556016035807896,1
-2.525318114407683,0.8884875251599057,2
1.6667269134601834,-0.7022056533231159,4
-4.210940228459675,0.9435094166504735,1
-3.301678932638425,0.40777890369822356,2
-7.70534254121958,1.0022705887930825,0
-7.603928080220302,0.8058853496729356,0
-5.762754308355449,-0.12481288101994648,1
-7.485757641433737,-0.0591365836290682,0
8.420444697159416,1.5267604850580776,6
4.298689471751087,-0.10905370320432184,5
4.310875884325927,-1.008231580596032,5
8.632327037466615,1.9269361343249398,6
5.638544802695137,1.7720499198874193,6
4.052458621786529,-1.6056658086933573,5
0.7478361805990292,0.9164437315776139,4
-4.138158482082869,2.4292706349386886,1
4.5648562215257265,-0.5790038366992395,5
3.032080313022134,-2.182580107400455,5
0.8615484113308283,-2.249585183523765,4
6.367784405883598,1.901741398723118,6
-4.621595172535731,2.1408515574681277,1
-2.5572794642017946,0.33138874268193214,1
-1.7455022756751937,-0.6447489146483314,2
-7.520958202340868,1.5991300105372839,0
-6.787684705944153,1.504638484088069,0
-5.035138215968598,1.5131377295581159,1
3.887396913736328,-2.25920355438577,5
-5.99827761185264,-1.9781326836068824,1
4.661663178140301,0.08090802147995658,5
6.039523040000926,2.0463873401261234,6
-6.089782024341607,0.31108160269675167,1
0.04130653869720663,-0.8353934673931048,3
-2.0205221794121804,0.36189074152481115,2
0.9221864958907899,-2.539942681730307,4
-2.5551027003222893,1.669171024773796,2
-2.3532923038881677,0.6596542150144395,2
-4.1209112948219815,1.016964184795617,1
4.838469330140359,-1.6113323969815363,5
-1.9470718945940544,-0.6868604165666427,2
-7.90202925713602,0.3070570416944582,0
-2.4530788055470394,1.4171201402938374,2
-6.277735748348411,-1.2040459341059402,1
-1.7921069367570719,-0.4745960643098169,2
-1.4583550977627475,-1.9988082876457054,3
8.069352697267927,1.5952293788349292,6
-0.8946850860902676,-1.6830181957948185,3
2.408216058836984,-0.8477771402750056,4
1.567226589613662,-0.997361310461117,4
-5.634652915691084,2.7605045070599834,1
-4.204638002266068,1.2322079824163008,1
-2.449346922308561,-0.6819973004359878,2
-7.131818584606502,-0.29456721284511694,0
-6.986177452255652,1.476515222855256,0
-7.47921128668723,0.05346661637355665,0
-2.1493509828632535,1.3612811209138713,2
-2.52208899162288,-2.398999817711599,2
-5.171770602193045,0.6547934184084615,1
0.4994849323253913,1.5463812015226934,4
8.72256331326246,1.6866596055029983,6
5.433279177169261,-0.92285995604198,5
-1.1157180301207534,2.0468954194314954,3
2.6734331742682516,-0.04647686538828431,4
5.886639019070625,1.2325469968173497,6
5.146370790261277,1.7650704711822307,6
-0.7095489985591734,0.3719147374311551,3
1.7682214705177917,-0.4785611658243459,4
-1.6410849699871848,-1.6679447459025842,2
0.8339734185631118,0.25126955103207976,4
5.343751702681941,-1.1332164091845536,5
-3.764840765297038,-0.9710263253943707,1
4.872877823770917,-0.06967031205796162,5
0.7516628913456997,-1.5294777934684938,4
-7.056225763442887,0.13690494186893276,0
-3.20855490888946,1.1223560336385088,2
6.764787966574121,1.783230861006151,6
-2.0584729098611585,-1.1091111196008672,2
5.22280568519908,-1.3407149494879746,5
5.269750880649005,-0.9826115798840115,5
-2.8348560532274116,-1.5264234123022913,1
-0.7381725928285291,-2.804259289107176,3
-7.1160357767147,0.6926946224374625,1
4.746081904172034,-0.789826530414346,5
-4.384044249190963,1.85243014150169,1
-2.8782000482071135,-0.24650072982717647,1
0.953977571956286,1.062665034022961,4
8.740492019489002,1.9680848061248148,6
-1.1720420907679843,0.3662798974958109,3
1.5905733615192796,-0.5114834598034059,4
-0.8639909899906864,-0.8008699998432249,3
4.6938238721164245,-1.5880448976674342,5
-0.2410326434998143,1.1024633054157955,3
6.028441547828669,-1.7744060525187886,5
-1.7218483155411966,0.2666232174786632,2
-3.5998132751408316,-0.9653414800948719,1
0.952201343290437,-2.663901278957577,4
3.9919841747030906,-0.586278355086412,5
4.082996391727804,-2.1570455457742206,5
-0.6505452130031183,-2.2997919893660326,3
-2.1252794373031523,-1.9841794561591968,2
-6.058648012357469,1.5310309714479735,0
4.6213256920731896,-0.36214402590071026,5
-0.4067380197522076,-3.551460285317839,3
1.8780920187643724,-1.6832842489230264,4
5.1669399668003075,1.2821139939233348,6
-2.015977228113469,0.3836551212159618,2
0.7788804945109146,-0.9395641198883485,4
-7.391212105194567,-0.6399786047085272,0
-5.015568531172184,-0.30013121794340986,1
8.549608258672398,1.9742809091644433,6
0.49856467254468956,1.7245697688346981,4
-0.02635280159210618,-1.384951395837914,3
-5.134709520411969,-0.334924389434618,1
-7.631649484350047,-0.7381429367535262,0
0.8539506115410889,-0.4982567035369554,4
-7.052480373728413,-0.8197134013267204,0
6.933068835118608,1.7455434199883533,6
-2.5928822029148986,0.3331234738112825,2
5.403263314656052,-0.6922018719061652,5
-7.485121238883524,0.9170383646027456,0
-3.572268533237489,0.659119873594075,1
1.1548853846938965,0.39013178176076097,4
4.2173103141582065,-1.0499386367806836,5
4.59179831243289,-2.004047963795569,5
6.05376235049178,1.6094899855096216,6
5.427725447517095,-1.6395285716896058,5
-6.097385375842683,-0.004214575648419463,1
-5.04217393876645,-0.8038607932794118,1
12.847634051788697,2.112128416823467,6
-1.7901805556347876,-0.4300294254706592,2
5.487395105680443,-1.779093187710888,5
6.75059189301792,1.7902600311995387,6
8.193938947672805,2.3183972837081845,6
-0.4024156914789741,0.3600441958342113,3
4.76113166079102,1.4995695445235293,6
3.6077128682569013,-0.4268461464875654,5
-6.210251425994511,1.228822941313662,0
-2.0523214670799335,1.376309418384573,2
-3.40302216570478,0.34984211722550385,1
-1.7187286344651196,-0.9691352144059813,2
4.087634285307033,-1.7272303807292302,5
-3.171910888529469,0.6302594509759957,2
-7.899626610966574,0.847079441800563,0
-6.537584328322732,1.5953855079489145,0
-7.0335047029063755,2.7130677939747683,0
-1.6889153676399515,-1.5303584413343032,3
8.369823664523407,1.5750014520940046,6
-5.807652764277655,2.27242539910234,0
4.877879935466068,-1.6118879973114328,5
1.3212743264452596,-0.7394293878271385,4
-0.8435826000286739,-1.5513975614395321,3
0.7633719380044021,1.060560221523454,4
2.0734619553168407,-0.5859745752225157,4
-2.1675341670319876,2.32446884480061,2
5.684877955469768,1.6921327551231329,6
-0.9553586219995891,0.42793548369767553,3
-1.1212399548113905,0.5417288454834078,3
1.0947184413470623,-0.5040669635778471,4
-7.14849497955743,-0.1771594143868472,1
-6.315867494456226,1.4289598429731116,0
8.568019237306062,1.6767286021889276,6
-1.7397037386685845,-0.7039309278466688,3
-0.6868193493425514,0.8735931130764031,3
-1.0896699999813717,-0.7472001852404294,3
8.440777043638501,2.1077931261965333,6
-4.456366639223365,0.23316505398176818,1
-1.4519244993580793,-1.8448961969624817,3
2.495430243461835,-0.41514291753097887,4
-0.6702132383999312,1.8042510344833256,3
1.0716001080933157,-0.26424078822825803,4
-3.3925844842721884,3.1653832847995402,1
1.0380639912242844,-0.9300601766265248,4
-6.81487568123459,1.1019572398355113,0
-2.377002848004192,2.68049713856056,2
-7.087833698825988,0.9486474542487382,0
0.11425426781978937,-0.621621621136155,3
1.783649493550837,-0.7465540420590148,4
-3.4945837051947497,-1.2573358083318154,1
0.8111627804017868,1.6266094377679774,4
-7.507685728300421,1.7621059782342257,0
-6.839511554238842,-0.34920108989135945,0
-7.019029768239412,1.1365968162906817,0
-1.350212507424982,-0.13199150009196883,2
-7.836988799512856,-0.03825256310952709,0
-1.1920492644348306,0.030831382157741817,2
-4.184207153442757,-0.07623603887277264,1
-6.696514980167088,-0.3474778685474733,0
4.024627889547146,-1.7675619028772664,5
-7.465770521146605,-0.09055085836191974,0
-0.7855653876721675,-1.4059737074103507,3
6.872762146847164,1.7515188479297374,6
-1.8439302022499635,-1.6296357412287925,2
-5.417243019760622,-1.0366312605145136,1
-7.249789935935127,-0.3131449721548335,0
-2.0584729098611585,-1.1091111196008672,2
-4.239060294604421,0.1439049463848622,1
5.840709695312271,1.4817930384118114,6
4.349802113185774,-1.0392432841413752,5
3.861597757207477,-1.7035504556312286,5
-0.16547449383633336,-0.52798736804616,3
-7.781642495085908,-0.10882664062863406,0
-4.832891128335727,2.4720880475715337,1
3.7245541872100514,-1.9661496899763926,5
1.5379315503082718,-1.7070688528094051,4
-0.9141203513826817,-2.2956966426627234,3
-6.487800078462633,1.2599827311452074,0
4.218594987195738,-1.6761292355869708,5
-1.0861664735044603,-0.15853404052251588,3
2.75266115576389,-2.931965270683068,5
-8.85211796667373,3.0108232686643936,0
6.527346723298303,1.8672724820555606,6
-5.415367710446556,1.8662750818461913,1
8.905840024089834,1.5729960333559316,6
1.1027298971115007,-1.9285178208694838,4
2.343681021333059,-1.2707193705718505,4
-7.947631290177151,1.5340114624365102,0
11.770299329278124,1.8493665022584707,6
8.46663656210014,2.3185922633829974,6
-6.8379512016613235,0.16819172503122637,1
-0.5607271430357559,-1.8905032255052743,3
5.023258071867486,-1.4143705187357503,5
-3.967925450752896,-1.4069484404233974,1
3.6428859865029226,-2.370033081113252,5
1.7380264306109459,-1.5748797446702303,4
0.5874250322866152,-0.3377376011026814,4
1.5666868788908384,-1.546795233020537,4
1.469077651697058,-2.164359288752521,4
-2.9602482820996143,-0.45056491051810177,1
6.374557719817089,0.6721362244525895,6
-6.611908072400007,3.0113526075449117,0
8.224119253623435,2.142080815868017,6
8.341247939635517,2.1078019963207977,6
-5.596900598186053,2.3310613645160982,0
1.4115641924856817,0.558971184803916,4
-2.4986478979696245,-0.4048919792578228,2
1.8340747941490492,-0.8803832139135989,4
2.2783389793275317,-2.1524795983000637,4
-6.6369819778214465,1.1488850399534698,0
2.3896671603078086,-1.9883524011186822,4
5.471520511400278,1.2380608967210172,6
6.5605219945751045,1.8765631141657402,6
6.66957591610191,1.564545171424939,6
-0.7026770400820964,0.5132480663020021,3
6.693412551326928,1.770925078756846,6
8.43216571954366,2.116431052662955,6
-4.431241554191798,-0.13210341431689904,1
-2.381191880852843,-0.5840653676662901,2
-6.677090360653118,1.7557052700637594,1
1.9868775236519474,-1.1402739036257743,4
-4.188596101519833,0.025305169549814967,1
6.046752821899774,1.7447570690818772,6
-5.136286271857004,-0.1568703565724888,1
-0.7829271661214628,-0.9571967987086982,3
4.725793435215256,-1.505528993917847,5
-0.2785365550907695,-4.277248866835288,3
-2.9969459901593463,0.23927015615651273,2
1.178465217070575,1.4415869234310343,4
5.408521889374768,1.2496155881880957,6
4.416147168557595,-0.37137007939021954,5
8.571968343923244,1.9588182656733517,6
-0.7970747755197353,-1.9574378414221214,3
-1.5054935050397058,0.02156122217640164,2
-6.84351165600267,-0.8892247580440366,1
4.445854857207421,0.07959550511284538,5
6.120674267871431,1.9713634144442325,6
-6.011077391943887,0.9996445802273852,0
4.992939037399254,-1.736474676517759,5
5.078038237707035,-0.5112981440893436,5
-6.53277150644616,2.5198472634698708,1
4.099853229948746,-1.1781827248731092,5
5.586899891646093,-1.918176235887971,5
-2.8678207524941177,-0.3932385129737647,2
-7.355667789680372,-0.3076227713860762,0
4.506120350206478,-1.9407041757681196,5
-1.5506973331528624,-0.9726472739388228,2
-5.084492152518111,2.111798791782741,1
1.387911837701568,-1.5107186448723202,4
-0.8753253908957052,1.5219607222296268,2
5.866533322476287,1.5217586976384354,6
-1.122663040698949,-1.2255783185393723,3
6.495469175009079,1.8731855013263012,6
8.348755131994082,2.2772986549514944,6
8.930713251538736,1.921724873500015,6
-5.787604827570457,0.8928048080089429,1
-1.441339568192238,0.5987339474196317,2
-3.4098930552976134,-2.172959527425311,1
4.057217286089334,-1.1966094017970776,5
-2.0734068780129933,-1.0242761457405987,2
-2.5466418429562614,1.6586164479882084,2
-1.594533793107957,1.967032348128177,2
-4.086141366977653,1.763907759640754,1
2.04171980384455,-0.07573926179015239,4
2.4336518955646396,-0.5540070423625691,4
1.897593700473577,-0.8743104979131489,4
-2.278362873267724,-0.1626139393804202,2
5.146139816943507,-1.5492454840858623,5
8.377633518110786,1.8855175090256624,6
-2.6637959897557857,-1.7885816462703816,2
-1.4407609349356738,-1.7116748307214957,3
-2.4517249570303394,0.39332823340796536,2
-3.2049724300624454,0.8465222657049427,2
-3.1115946464543764,-1.9269491226513553,1
-6.946476891494905,1.476069294610253,0
3.7218907332003806,-2.2349677102892027,5
1.223394697705788,0.7401292423603402,4
-0.7934903412338138,-1.3096579926185057,3
1.4741486127904198,-1.112858529168383,4
5.461095513642661,1.7307296772759873,6
6.107085192957345,1.5137922885251376,6
5.078214269753763,-1.353503014625114,5
-1.993411780018379,0.5539472957335435,2
-0.2716522290423271,-1.3971438807369958,3
-7.625776824954757,-0.7100688220193339,0
-2.604262324771139,0.9537202485645875,2
-0.10421705875710074,-1.7887809713360885,3
-7.882528965828469,0.06012075355236555,0
11.168445048013398,2.1583007248294885,6
-1.0388188999313952,-0.029305222831740717,2
-7.8717403216903366,-0.44484341416688356,0
-5.211809337333596,-0.47942355521854113,1
8.67119406640504,1.463201372165715,6
-1.531062552703219,0.22122752985688868,2
-4.417662436580866,-0.7186898538058736,1
-7.042752889993002,0.27097113782779253,0
0.7889906368683561,0.8596448101323713,4
1.8533419517009275,-0.7659877415668398,4
-8.080881894074558,2.6383986745252286,0
-2.0584729098611585,-1.1091111196008672,2
4.685229880243662,-0.397053442288352,5
-1.8313159618981893,-0.9157863962090997,3
-1.0941264488825329,-1.2759443740330951,3
1.3687381440794302,1.134783450866028,4
1.928083973908478,-0.7293833200759223,4
4.323399803344238,-1.198278771677708,5
-1.620308142389094,1.4890598228743128,2
3.8383536007783468,-2.284647348732176,5
2.2524938715353717,-1.36259735112425,4
-2.0584729098611585,-1.1091111196008672,2
-2.1699898886363007,-1.9903385708362227,2
-8.17822550352798,-0.5722237911454605,0
-1.9227400621253343,0.010966224933386733,2
5.518762502360878,-1.3545380839090813,5
-8.290147800949821,1.4743242122547164,0
-2.67345322879195,-1.4963864986700888,2
-7.071560621602493,2.51353371902216,0
-1.6615532417734051,-2.247431985567382,3
-0.48053159705787246,-0.7333041813665896,4
1.5442659138922947,0.268196584986039,4
-1.778488490310038,-0.1892045460273521,2
8.633997901205776,1.6918819393277997,6
11.263298088940878,2.080332832934992,6
-4.162048817271413,1.6298068549684182,1
6.8509805506716335,1.732643523251646,6
8.262392658706753,2.380949204570255,6
-5.747865567761936,0.35596723720448775,1
-6.46123209345423,-0.26363571367019006,1
1.2968776072685155,0.7514051719818342,4
-11.497330633362479,3.3971503754761874,0
-1.1228002797218917,-0.30109349483098763,3
-1.1447491964976622,0.3776841264116898,2
1.2393857725153807,-2.304074539963615,4
-2.8535727270385034,0.15911058799371575,2
3.8242340360725464,-2.1755886976466754,5
-1.593964133083046,1.0879307337673876,3
-5.32029275945931,0.39260832768943416,1
5.733130107467029,1.2321543787545415,6
1.5422484002402614,-0.3306845717681832,4
-2.05004358587011,1.9891096258583711,2
-3.8292573188541423,1.0090854106602642,1
-3.0285410594511646,-1.1520012232348216,2
-0.9683200633176526,-1.9117452906627654,3
1.2342526669637208,0.7885513197860041,4
4.924680054537757,-1.4858581764692367,5
-1.972723594266547,-0.6705633927857887,2
4.302884386103089,-1.1239784209860673,5
1.0867123342648222,-0.06221189683219135,4
0.6605055002481462,1.4171528502083859,4
-2.645972600556984,-1.149981132753223,2
4.670841293407863,-0.4631349119664046,5
1.2534558213637974,0.8904527867195693,4
5.582433344397982,1.759043334611839,6
1.361809266476806,-1.1566522939222301,4
-1.5297787222515429,-0.36722267344448395,3
-2.9900459713622665,0.14056063085763132,2
1.3185672565881414,1.2831806696340318,4
-7.352576389672657,2.034864795914175,0
-4.119472022163569,-1.1527224281419217,1
3.6501667283731987,-0.3907755231280913,5
-0.4680213325075946,-0.7139505783011293,3
-6.0451373341739805,1.9739792191298722,0
-0.8955468921911548,1.373199156980863,3
3.6280919031850947,-1.2255453836164076,5
0.7591333169916549,0.628998364417769,4
4.560070656362871,-1.9662665929065795,5
-0.13126476761055944,-1.601270752180515,3
6.571671864390284,1.8050880594582286,6
5.637803293068338,1.6038654322093528,6
-0.7532021037131542,0.8306920733245525,3
-6.267561877520164,1.3986968336841161,0
-7.043234009343243,-0.9802785722105545,0
6.685809425534407,1.7134399234916098,6
2.6341805312170146,-0.9516161238406381,4
-6.177883436157056,0.14269994573033803,1
2.32603791855586,-1.184652039582104,4
5.6787627644518475,-1.085223664859942,5
0.24184994142406174,-0.29088874837969125,4
-1.1539024300753662,-0.24785432443524624,3
5.365993582191087,1.2448705996579195,6
4.095078637086418,-0.6763140516004397,5
1.1362060391950084,0.43993423142216215,4
-7.4035870746626165,1.4625682681296877,0
2.935079873727912,-1.217596124353994,4
-2.1647139751745414,-1.6826545003688047,3
-0.03895308258734802,-1.336965958362644,3
-0.048539284958051154,-1.5651127107120466,3
8.94289435213871,1.9270377916297279,6
-7.927373943448821,1.5646440751852464,0
2.140257369305206,-0.7335473597692173,4
-0.6200156271949638,0.4941589051507208,3
-5.942769353548915,1.7643291808526265,1
-0.3051695265584438,-1.32400697047104,3
4.447061498803188,-2.7909595066044632,5
-0.7920005801703424,-2.0396792817660447,3
6.944024759650779,1.8169146894652337,6
-1.359477315357937,-0.22535470517070513,2
-7.149815954288995,2.4136903689472686,0
0.6606644828137215,0.2683138744661703,4
-2.0385364537817736,-0.8221605576715739,2
1.3442227601884562,1.6150083580172885,4
-10.418469220372282,3.399254682307685,0
-2.4129047307698634,0.4771327843884427,2
-2.7191142144139198,0.21874006873128785,2
-2.937090304804023,-1.2362458618922203,2
-6.288809289629329,1.8262996977116772,0
3.8970624599461074,-1.6196651870841758,5
-4.549652341558199,1.6649248146351794,1
10.725810646955743,2.0817911227092383,6
-1.551702806225851,-0.6882515641693173,3
-2.268515860315223,1.1823132521955675,2
5.43830300172341,-0.932696852962397,5
-1.6553744630616882,0.5921270268563004,2
3.853886771071791,-1.9291413097041934,5
1.6381196582141502,-0.7523783354195497,4
-1.1526273213487395,0.42373845771050805,3
-3.792682450588711,-1.6346194183782945,2
8.228680535800393,1.655809816898031,6
-6.109137479125011,0.11025453288039906,1
-1.025759352600219,-1.8549144044537291,3
-2.6743347073465107,-2.6393228883846076,1
-7.003882690906604,2.293261620638594,0
8.462947047384668,1.7398998320672976,6
6.60060272323909,1.819683486402327,6
1.0548325957643236,-0.39665161658653575,4
0.08400059992358683,-0.13517601246028743,3
-0.8825605465140808,-1.6327837310660895,3
4.507274613700548,1.5412459884156104,6
8.363314013985189,1.641332948393155,6
-1.7180418235432766,-1.4333851923082335,3
-6.865976371518642,-0.21351627200845613,0
-6.936064258726947,-0.03337192423165863,1
2.0492769709241307,-0.8783348788128933,4
8.15387363017528,2.2351044949856607,6
-2.8753560142306096,-1.3137047936883146,2
-3.6464820112182816,-2.531319085965796,1
6.702101346105668,1.7950673052958848,6
-1.4747785510942188,-0.8612116196140276,3
-1.6116550310826752,-3.2686694287044613,3
-2.0993343837802856,-0.07762024290102791,2
6.651956927371046,1.8601056013539965,6
4.2910030728788175,-1.6232718921574771,5
-7.514081575628745,0.19751729999823156,1
-1.2030345465890953,-1.9734384452796863,3
-7.298303075102308,1.5154636470546934,0
8.661490417458525,1.8862548849194694,6
8.269718731956955,2.1145818543282497,6
-1.8854407705888059,1.360535155402209,2
-7.167388367252692,0.7973053033621015,0
-3.1644231072243016,-0.8339591062299818,1
-2.0584729098611585,-1.1091111196008672,2
4.815116255676606,1.487443174708212,6
0.3775030764858326,-1.3638084759601319,4
3.9925843923113042,-1.6292532468996044,5
-2.9695559583090008,0.8714350630798214,2
8.66395897749278,1.6605208098031634,6
2.711720156056782,-0.4656992901826726,4
-3.948793795533446,-1.3824815326359916,1
-6.914305719813399,1.5039824596944167,0
2.430605715552472,-1.2466184540050074,4
2.431958876983402,-1.023238024898611,4
-0.3742344036795355,-0.5549399997756502,3
-8.16478087632926,3.179980805611371,0
4.649406561977808,-0.3997734779679398,5
0.671978991750375,-0.6479270789292252,4
1.6588454217453186,-0.10231096053123001,4
-1.6878330689087822,1.2636331203593594,2
-2.2896677889056463,-1.2435250609635635,2
-5.705448746833269,-0.33096564307478576,1
1.4581972571313875,-0.3150873555681475,4
-5.8291210724764255,1.9506993678506512,1
6.90185805632382,1.7985785199403101,6
7.555407607913365,2.1382886791494222,6
-6.384193108295368,1.0068419148311136,1
0.9060020552871767,1.7851901187986199,4
2.607962747908857,-1.8455660019251219,4
